law_id	terms_unique	degree	weighted_degree	betweenness	closeness	pagerank	component_id	component_size
MNCLW00001	5	58	58.0000	0.000000	0.498219	0.000196	0	810
MNCLW00002	360	620	12410.0000	0.001042	0.779777	0.003026	0	810
MNCLW00003	39	506	1532.0000	0.000322	0.699836	0.000591	0	810
MNCLW00004	432	642	13179.0000	0.000937	0.797354	0.003199	0	810
MNCLW00005	251	610	9638.0000	0.000737	0.772041	0.002385	0	810
MNCLW00006	71	573	4498.0000	0.000454	0.744706	0.001271	0	810
MNCLW00007	58	439	2167.0000	0.000062	0.660066	0.000667	0	810
MNCLW00008	1	0	0.0000	0.000000	0.000000	0.000184	1	1
MNCLW00009	283	657	10790.0000	0.001207	0.809800	0.002701	0	810
MNCLW00010	5	292	463.0000	0.000098	0.586891	0.000307	0	810
MNCLW00011	31	630	1927.0000	0.000893	0.787670	0.000755	0	810
MNCLW00012	6	498	659.0000	0.000705	0.694837	0.000482	0	810
MNCLW00013	25	554	947.0000	0.000667	0.731408	0.000528	0	810
MNCLW00014	596	755	15313.0000	0.002577	0.901759	0.003876	0	810
MNCLW00015	4	420	481.0000	0.000222	0.649597	0.000367	0	810
MNCLW00016	5	322	358.0000	0.000155	0.600477	0.000349	0	810
MNCLW00017	3	295	318.0000	0.000064	0.588222	0.000329	0	810
MNCLW00018	11	446	776.0000	0.000262	0.664008	0.000433	0	810
MNCLW00019	336	681	11656.0000	0.001282	0.830542	0.002890	0	810
MNCLW00020	3	219	219.0000	0.000000	0.556267	0.000236	0	810
MNCLW00021	735	734	16263.0000	0.002028	0.880337	0.003979	0	810
MNCLW00022	7	448	678.0000	0.000294	0.664575	0.000417	0	810
MNCLW00023	3	216	216.0000	0.000000	0.554286	0.000235	0	810
MNCLW00024	51	506	2891.0000	0.000392	0.699836	0.000881	0	810
MNCLW00025	310	588	9008.0000	0.000561	0.755551	0.002219	0	810
MNCLW00026	2	84	84.0000	0.000000	0.507313	0.000205	0	810
MNCLW00027	324	603	11115.0000	0.000825	0.766717	0.002713	0	810
MNCLW00028	3	85	92.0000	0.000000	0.507644	0.000207	0	810
MNCLW00029	60	458	2775.0000	0.000240	0.670877	0.000834	0	810
MNCLW00030	1	0	0.0000	0.000000	0.000000	0.000184	2	1
MNCLW00031	263	525	6357.0000	0.000277	0.712001	0.001603	0	810
MNCLW00032	2	0	0.0000	0.000000	0.000000	0.000184	3	1
MNCLW00033	137	478	5001.0000	0.000166	0.682647	0.001294	0	810
MNCLW00034	3	80	107.0000	0.000000	0.505664	0.000207	0	810
MNCLW00035	417	711	13144.0000	0.001764	0.858013	0.003253	0	810
MNCLW00036	4	291	327.0000	0.000150	0.586007	0.000358	0	810
MNCLW00037	2	234	234.0000	0.000000	0.561890	0.000311	0	810
MNCLW00038	4	237	238.0000	0.000004	0.563110	0.000312	0	810
MNCLW00039	1	0	0.0000	0.000000	0.000000	0.000184	4	1
MNCLW00040	227	590	9227.0000	0.000443	0.757021	0.002264	0	810
MNCLW00041	2	15	15.0000	0.000000	0.484267	0.000188	0	810
MNCLW00042	237	630	10731.0000	0.001128	0.787670	0.002683	0	810
MNCLW00043	3	31	32.0000	0.000000	0.490370	0.000204	0	810
MNCLW00044	31	394	1569.0000	0.000105	0.635799	0.000554	0	810
MNCLW00045	10	384	506.0000	0.000403	0.630646	0.000402	0	810
MNCLW00046	5	206	279.0000	0.000022	0.551146	0.000254	0	810
MNCLW00047	783	742	16995.0000	0.002501	0.888376	0.004196	0	810
MNCLW00048	3	66	77.0000	0.000000	0.501429	0.000212	0	810
MNCLW00049	3	66	77.0000	0.000000	0.501429	0.000212	0	810
MNCLW00050	3	66	77.0000	0.000000	0.501429	0.000212	0	810
MNCLW00051	4	64	78.0000	0.000010	0.500784	0.000217	0	810
MNCLW00052	185	589	9392.0000	0.000455	0.756285	0.002304	0	810
MNCLW00053	147	567	6730.0000	0.000420	0.740454	0.001709	0	810
MNCLW00055	91	507	4464.0000	0.000180	0.700466	0.001188	0	810
MNCLW00056	4	27	27.0000	0.000000	0.488523	0.000200	0	810
MNCLW00057	175	569	5866.0000	0.000969	0.741866	0.001594	0	810
MNCLW00058	4	89	103.0000	0.000016	0.508972	0.000223	0	810
MNCLW00059	155	525	4912.0000	0.000352	0.712001	0.001309	0	810
MNCLW00060	211	557	8981.0000	0.000329	0.733476	0.002193	0	810
MNCLW00061	520	695	16015.0000	0.002130	0.843139	0.003894	0	810
MNCLW00062	43	453	2595.0000	0.000113	0.667998	0.000768	0	810
MNCLW00063	214	571	7850.0000	0.000558	0.743283	0.001977	0	810
MNCLW00064	30	461	1520.0000	0.000222	0.672617	0.000566	0	810
MNCLW00065	228	597	9867.0000	0.000715	0.762211	0.002438	0	810
MNCLW00066	169	559	6086.0000	0.000326	0.734861	0.001560	0	810
MNCLW00067	25	531	1415.0000	0.000478	0.715932	0.000585	0	810
MNCLW00068	14	332	768.0000	0.000020	0.605146	0.000360	0	810
MNCLW00069	760	707	15973.0000	0.001713	0.854245	0.003901	0	810
MNCLW00070	13	433	735.0000	0.000257	0.656724	0.000433	0	810
MNCLW00071	249	654	7110.0000	0.001083	0.807280	0.001889	0	810
MNCLW00072	10	396	657.0000	0.000208	0.636839	0.000416	0	810
MNCLW00073	341	541	7783.0000	0.000309	0.722579	0.001922	0	810
MNCLW00074	1	0	0.0000	0.000000	0.000000	0.000184	5	1
MNCLW00075	8	327	676.0000	0.000016	0.602802	0.000336	0	810
MNCLW00076	659	649	15543.0000	0.001268	0.803114	0.003730	0	810
MNCLW00077	86	523	4155.0000	0.000306	0.710701	0.001140	0	810
MNCLW00078	4	285	339.0000	0.000056	0.583372	0.000335	0	810
MNCLW00079	229	672	8311.0000	0.001174	0.822640	0.002152	0	810
MNCLW00080	40	422	2178.0000	0.000096	0.650684	0.000675	0	810
MNCLW00081	474	647	14458.0000	0.001054	0.801460	0.003486	0	810
MNCLW00082	53	449	2239.0000	0.000102	0.665712	0.000692	0	810
MNCLW00083	140	593	8059.0000	0.000464	0.759237	0.002031	0	810
MNCLW00084	3	206	216.0000	0.000032	0.551146	0.000282	0	810
MNCLW00085	157	546	5241.0000	0.000454	0.725949	0.001400	0	810
MNCLW00086	124	542	3191.0000	0.000451	0.723251	0.000957	0	810
MNCLW00087	180	675	7365.0000	0.001156	0.825257	0.001962	0	810
MNCLW00088	7	274	306.0000	0.000062	0.579031	0.000305	0	810
MNCLW00089	6	315	492.0000	0.000059	0.596793	0.000362	0	810
MNCLW00090	10	444	774.0000	0.000206	0.662877	0.000419	0	810
MNCLW00091	3	238	261.0000	0.000034	0.563926	0.000295	0	810
MNCLW00092	4	238	261.0000	0.000034	0.563926	0.000295	0	810
MNCLW00093	7	485	1095.0000	0.000247	0.686865	0.000501	0	810
MNCLW00094	4	341	444.0000	0.000106	0.609411	0.000333	0	810
MNCLW00095	8	422	762.0000	0.000196	0.650684	0.000422	0	810
MNCLW00096	12	514	1490.0000	0.000302	0.704907	0.000594	0	810
MNCLW00097	7	435	879.0000	0.000189	0.657834	0.000449	0	810
MNCLW00098	12	449	1109.0000	0.000196	0.665143	0.000505	0	810
MNCLW00099	6	484	718.0000	0.000472	0.686259	0.000480	0	810
MNCLW00100	6	315	492.0000	0.000059	0.596793	0.000362	0	810
MNCLW00101	8	253	355.0000	0.000032	0.569705	0.000325	0	810
MNCLW00102	3	177	177.0000	0.000000	0.539305	0.000269	0	810
MNCLW00103	12	449	1109.0000	0.000196	0.665143	0.000505	0	810
MNCLW00104	5	177	177.0000	0.000000	0.539305	0.000269	0	810
MNCLW00105	9	328	528.0000	0.000080	0.603269	0.000362	0	810
MNCLW00106	11	502	867.0000	0.000574	0.697328	0.000525	0	810
MNCLW00107	7	334	520.0000	0.000110	0.606088	0.000369	0	810
MNCLW00108	6	484	718.0000	0.000472	0.686259	0.000480	0	810
MNCLW00109	4	278	373.0000	0.000049	0.580759	0.000332	0	810
MNCLW00110	6	352	529.0000	0.000092	0.614221	0.000365	0	810
MNCLW00111	6	315	492.0000	0.000059	0.596793	0.000362	0	810
MNCLW00112	3	278	373.0000	0.000049	0.580759	0.000332	0	810
MNCLW00113	11	485	876.0000	0.000483	0.686865	0.000528	0	810
MNCLW00114	18	507	1004.0000	0.000841	0.700466	0.000589	0	810
MNCLW00115	8	469	1149.0000	0.000258	0.677300	0.000515	0	810
MNCLW00116	8	453	759.0000	0.000219	0.667998	0.000410	0	810
MNCLW00117	4	341	444.0000	0.000106	0.609411	0.000333	0	810
MNCLW00118	7	439	965.0000	0.000181	0.660066	0.000459	0	810
MNCLW00119	6	336	419.0000	0.000083	0.606561	0.000326	0	810
MNCLW00120	10	553	1131.0000	0.000629	0.730721	0.000586	0	810
MNCLW00121	7	435	879.0000	0.000189	0.657834	0.000449	0	810
MNCLW00122	6	315	492.0000	0.000059	0.596793	0.000362	0	810
MNCLW00123	9	404	702.0000	0.000145	0.640508	0.000402	0	810
MNCLW00124	8	426	779.0000	0.000223	0.652867	0.000441	0	810
MNCLW00125	10	534	1135.0000	0.000597	0.717913	0.000588	0	810
MNCLW00126	7	427	784.0000	0.000187	0.653415	0.000415	0	810
MNCLW00127	8	417	653.0000	0.000358	0.647975	0.000417	0	810
MNCLW00128	5	327	371.0000	0.000077	0.602336	0.000314	0	810
MNCLW00129	9	556	1013.0000	0.000730	0.732785	0.000568	0	810
MNCLW00130	10	535	893.0000	0.000614	0.718576	0.000523	0	810
MNCLW00131	8	462	726.0000	0.000428	0.673199	0.000490	0	810
MNCLW00132	8	542	944.0000	0.000609	0.723251	0.000543	0	810
MNCLW00133	10	535	808.0000	0.000818	0.718576	0.000517	0	810
MNCLW00134	8	457	641.0000	0.000583	0.670299	0.000484	0	810
MNCLW00135	9	461	1030.0000	0.000253	0.672617	0.000489	0	810
MNCLW00136	12	389	799.0000	0.000140	0.633212	0.000424	0	810
MNCLW00137	316	682	10620.0000	0.002196	0.831429	0.002774	0	810
MNCLW00138	1196	722	19755.0000	0.002684	0.868546	0.004804	0	810
MNCLW00139	8	122	122.0000	0.000000	0.519851	0.000211	0	810
MNCLW00140	396	576	9924.0000	0.000559	0.746850	0.002428	0	810
MNCLW00141	3	160	184.0000	0.000000	0.533757	0.000226	0	810
MNCLW00142	50	409	1690.0000	0.000038	0.643687	0.000562	0	810
MNCLW00143	190	552	5884.0000	0.000470	0.730035	0.001540	0	810
MNCLW00144	4	234	234.0000	0.000000	0.561890	0.000311	0	810
MNCLW00145	65	627	3798.0000	0.000867	0.785285	0.001141	0	810
MNCLW00146	164	578	7899.0000	0.000442	0.748286	0.001974	0	810
MNCLW00147	459	696	13242.0000	0.001652	0.844054	0.003288	0	810
MNCLW00148	649	678	14353.0000	0.001666	0.827891	0.003530	0	810
MNCLW00149	543	609	10637.0000	0.000747	0.771276	0.002614	0	810
MNCLW00150	31	422	754.0000	0.000237	0.650684	0.000410	0	810
MNCLW00151	2	39	39.0000	0.000000	0.492543	0.000194	0	810
MNCLW00152	248	595	8047.0000	0.000816	0.760721	0.002043	0	810
MNCLW00153	292	637	12436.0000	0.000881	0.793290	0.003012	0	810
MNCLW00154	4	255	266.0000	0.000049	0.570541	0.000323	0	810
MNCLW00155	2	32	32.0000	0.000000	0.490061	0.000192	0	810
MNCLW00156	567	727	14035.0000	0.002103	0.873420	0.003496	0	810
MNCLW00157	219	696	9184.0000	0.001599	0.844054	0.002387	0	810
MNCLW00158	177	573	8473.0000	0.000356	0.744706	0.002093	0	810
MNCLW00159	32	397	1380.0000	0.000141	0.637361	0.000511	0	810
MNCLW00160	34	399	1679.0000	0.000143	0.638407	0.000586	0	810
MNCLW00161	55	650	3272.0000	0.001383	0.803944	0.001079	0	810
MNCLW00162	273	597	10163.0000	0.000638	0.762211	0.002496	0	810
MNCLW00163	5	386	515.0000	0.000305	0.631670	0.000399	0	810
MNCLW00164	522	691	13456.0000	0.001405	0.839501	0.003289	0	810
MNCLW00165	299	620	9324.0000	0.000917	0.779777	0.002331	0	810
MNCLW00166	2	101	101.0000	0.000000	0.512322	0.000206	0	810
MNCLW00167	377	619	12738.0000	0.000857	0.778997	0.003068	0	810
MNCLW00168	199	627	8945.0000	0.001003	0.785285	0.002254	0	810
MNCLW00169	107	541	5877.0000	0.000406	0.722579	0.001522	0	810
MNCLW00170	258	521	8162.0000	0.000324	0.709405	0.002005	0	810
MNCLW00171	8	287	426.0000	0.000012	0.584686	0.000282	0	810
MNCLW00172	6	60	66.0000	0.000000	0.497900	0.000199	0	810
MNCLW00173	446	584	12971.0000	0.000552	0.752628	0.003091	0	810
MNCLW00174	3	236	237.0000	0.000002	0.562703	0.000312	0	810
MNCLW00175	37	416	1913.0000	0.000039	0.647436	0.000607	0	810
MNCLW00176	223	590	8322.0000	0.000435	0.757021	0.002079	0	810
MNCLW00177	255	595	8372.0000	0.000765	0.760721	0.002118	0	810
MNCLW00178	2	234	234.0000	0.000000	0.561890	0.000311	0	810
MNCLW00179	391	694	12130.0000	0.001580	0.842227	0.003025	0	810
MNCLW00180	188	582	6213.0000	0.000569	0.751175	0.001622	0	810
MNCLW00181	136	536	6685.0000	0.000373	0.719240	0.001692	0	810
MNCLW00182	183	558	8354.0000	0.000542	0.734168	0.002087	0	810
MNCLW00183	3	40	40.0000	0.000004	0.492543	0.000215	0	810
MNCLW00184	173	568	7554.0000	0.000485	0.741160	0.001889	0	810
MNCLW00185	252	571	8445.0000	0.000513	0.743283	0.002103	0	810
MNCLW00186	23	317	585.0000	0.000046	0.597709	0.000330	0	810
MNCLW00187	1	0	0.0000	0.000000	0.000000	0.000184	6	1
MNCLW00188	177	579	8124.0000	0.000439	0.749006	0.002034	0	810
MNCLW00189	192	570	8386.0000	0.000454	0.742574	0.002089	0	810
MNCLW00190	150	672	7456.0000	0.001102	0.822640	0.001960	0	810
MNCLW00191	171	543	6042.0000	0.000320	0.723923	0.001552	0	810
MNCLW00192	284	608	11257.0000	0.000686	0.770512	0.002734	0	810
MNCLW00193	8	177	178.0000	0.000001	0.540054	0.000225	0	810
MNCLW00194	3	234	234.0000	0.000000	0.561890	0.000311	0	810
MNCLW00195	243	716	12323.0000	0.001675	0.862769	0.003097	0	810
MNCLW00196	213	583	6070.0000	0.000631	0.751901	0.001585	0	810
MNCLW00197	191	551	8440.0000	0.000397	0.729351	0.002083	0	810
MNCLW00198	507	631	12175.0000	0.000896	0.788468	0.002981	0	810
MNCLW00199	12	423	1162.0000	0.000099	0.651228	0.000460	0	810
MNCLW00200	3	295	329.0000	0.000073	0.588222	0.000306	0	810
MNCLW00201	10	360	448.0000	0.000230	0.618615	0.000373	0	810
MNCLW00202	12	481	1196.0000	0.000510	0.684448	0.000551	0	810
MNCLW00203	2	31	31.0000	0.000000	0.490370	0.000203	0	810
MNCLW00204	5	336	419.0000	0.000083	0.606561	0.000326	0	810
MNCLW00205	2	177	177.0000	0.000000	0.539305	0.000269	0	810
MNCLW00206	6	424	745.0000	0.000172	0.651774	0.000410	0	810
MNCLW00207	11	317	561.0000	0.000263	0.598169	0.000350	0	810
MNCLW00208	4	316	446.0000	0.000021	0.597709	0.000289	0	810
MNCLW00209	255	631	12865.0000	0.001031	0.788468	0.003114	0	810
MNCLW00210	168	655	7337.0000	0.000943	0.808118	0.001904	0	810
MNCLW00211	4	132	141.0000	0.000002	0.523700	0.000223	0	810
MNCLW00212	3	4	4.0000	0.000000	0.460756	0.000185	0	810
MNCLW00213	7	134	180.0000	0.000006	0.524405	0.000232	0	810
MNCLW00214	116	557	7005.0000	0.000356	0.733476	0.001774	0	810
MNCLW00215	14	283	435.0000	0.000028	0.582935	0.000297	0	810
MNCLW00216	19	378	838.0000	0.000079	0.627595	0.000400	0	810
MNCLW00217	11	275	360.0000	0.000021	0.579462	0.000278	0	810
MNCLW00218	4	244	263.0000	0.000081	0.565976	0.000343	0	810
MNCLW00219	5	293	409.0000	0.000020	0.587334	0.000287	0	810
MNCLW00220	6	273	413.0000	0.000023	0.578600	0.000290	0	810
MNCLW00221	11	383	873.0000	0.000075	0.630136	0.000405	0	810
MNCLW00222	4	244	263.0000	0.000081	0.565976	0.000343	0	810
MNCLW00223	5	244	263.0000	0.000081	0.565976	0.000343	0	810
MNCLW00224	10	494	764.0000	0.000393	0.692364	0.000439	0	810
MNCLW00225	404	765	14414.0000	0.002646	0.912330	0.003664	0	810
MNCLW00226	549	583	11977.0000	0.000575	0.751901	0.002853	0	810
MNCLW00227	4	5	5.0000	0.000000	0.472219	0.000189	0	810
MNCLW00228	2	0	0.0000	0.000000	0.000000	0.000184	7	1
MNCLW00229	5	173	341.0000	0.000000	0.538186	0.000267	0	810
MNCLW00230	5	200	360.0000	0.000093	0.548427	0.000298	0	810
MNCLW00231	731	637	11366.0000	0.000979	0.793290	0.002761	0	810
MNCLW00232	132	503	5807.0000	0.000160	0.697953	0.001471	0	810
MNCLW00233	9	492	781.0000	0.000353	0.691135	0.000439	0	810
MNCLW00234	904	738	17348.0000	0.002982	0.884338	0.004289	0	810
MNCLW00235	621	625	13039.0000	0.000975	0.783704	0.003141	0	810
MNCLW00236	9	272	440.0000	0.000003	0.577741	0.000282	0	810
MNCLW00237	157	635	6313.0000	0.004529	0.791676	0.001928	0	810
MNCLW00238	1	0	0.0000	0.000000	0.000000	0.000184	8	1
MNCLW00239	3649	767	28076.0000	0.004306	0.914474	0.006784	0	810
MNCLW00240	3	247	253.0000	0.000012	0.567628	0.000315	0	810
MNCLW00241	425	678	11616.0000	0.001152	0.827891	0.002868	0	810
MNCLW00242	205	567	7779.0000	0.000419	0.740454	0.001944	0	810
MNCLW00243	116	506	5074.0000	0.000189	0.699836	0.001322	0	810
MNCLW00244	261	633	9182.0000	0.000865	0.790069	0.002291	0	810
MNCLW00245	349	641	13174.0000	0.000859	0.796538	0.003186	0	810
MNCLW00246	3	176	176.0000	0.000000	0.539679	0.000225	0	810
MNCLW00247	128	472	4779.0000	0.000118	0.679073	0.001238	0	810
MNCLW00248	3	37	43.0000	0.000000	0.491609	0.000193	0	810
MNCLW00249	299	608	10170.0000	0.000588	0.770512	0.002487	0	810
MNCLW00250	57	616	3244.0000	0.000768	0.776664	0.001027	0	810
MNCLW00251	34	590	1319.0000	0.000869	0.757021	0.000616	0	810
MNCLW00252	250	529	7442.0000	0.000417	0.714617	0.001865	0	810
MNCLW00253	2117	705	19124.0000	0.001613	0.852374	0.004561	0	810
MNCLW00254	7	353	405.0000	0.000137	0.615192	0.000354	0	810
MNCLW00255	1012	632	14791.0000	0.001048	0.789267	0.003536	0	810
MNCLW00256	4	234	234.0000	0.000000	0.561890	0.000311	0	810
MNCLW00257	26	539	1313.0000	0.000754	0.721240	0.000592	0	810
MNCLW00258	7	412	478.0000	0.000216	0.645288	0.000366	0	810
MNCLW00259	369	595	10794.0000	0.000927	0.760721	0.002656	0	810
MNCLW00260	23	281	625.0000	0.000135	0.582063	0.000354	0	810
MNCLW00261	4	107	107.0000	0.000000	0.514694	0.000217	0	810
MNCLW00262	6	324	370.0000	0.000280	0.601405	0.000377	0	810
MNCLW00263	219	573	9063.0000	0.000487	0.744706	0.002236	0	810
MNCLW00264	1	123	123.0000	0.000000	0.520547	0.000211	0	810
MNCLW00265	278	688	10469.0000	0.001292	0.836793	0.002642	0	810
MNCLW00266	236	730	11950.0000	0.002113	0.876371	0.003053	0	810
MNCLW00267	9	287	476.0000	0.000018	0.584686	0.000296	0	810
MNCLW00268	3	293	321.0000	0.000070	0.587334	0.000334	0	810
MNCLW00269	1062	666	14236.0000	0.001080	0.817455	0.003416	0	810
MNCLW00270	306	586	10419.0000	0.000406	0.754087	0.002521	0	810
MNCLW00271	3	255	265.0000	0.000018	0.570541	0.000318	0	810
MNCLW00272	374	763	14815.0000	0.002852	0.910196	0.003771	0	810
MNCLW00273	16	567	1160.0000	0.000718	0.740454	0.000561	0	810
MNCLW00274	647	639	13924.0000	0.001128	0.794911	0.003361	0	810
MNCLW00275	117	514	4179.0000	0.000260	0.704907	0.001141	0	810
MNCLW00276	36	558	2124.0000	0.000497	0.734168	0.000737	0	810
MNCLW00277	334	661	11444.0000	0.001221	0.813185	0.002841	0	810
MNCLW00278	153	549	5559.0000	0.000355	0.727987	0.001456	0	810
MNCLW00279	33	605	1825.0000	0.000919	0.768231	0.000727	0	810
MNCLW00280	5	125	149.0000	0.000001	0.521244	0.000220	0	810
MNCLW00281	138	574	7141.0000	0.000462	0.745419	0.001812	0	810
MNCLW00282	5	144	156.0000	0.000010	0.527963	0.000225	0	810
MNCLW00283	241	695	6651.0000	0.001674	0.843139	0.001877	0	810
MNCLW00284	136	579	4942.0000	0.000582	0.749006	0.001375	0	810
MNCLW00285	25	538	1351.0000	0.000406	0.720572	0.000554	0	810
MNCLW00286	35	564	1978.0000	0.000489	0.738347	0.000705	0	810
MNCLW00287	45	565	2098.0000	0.000491	0.739048	0.000730	0	810
MNCLW00288	29	578	2317.0000	0.000552	0.748286	0.000788	0	810
MNCLW00289	36	530	1650.0000	0.000455	0.715274	0.000638	0	810
MNCLW00290	37	564	2168.0000	0.000507	0.738347	0.000750	0	810
MNCLW00291	71	558	4004.0000	0.000617	0.734168	0.001170	0	810
MNCLW00292	59	535	3771.0000	0.000421	0.718576	0.001100	0	810
MNCLW00293	67	507	3471.0000	0.000251	0.700466	0.001012	0	810
MNCLW00294	102	553	4700.0000	0.000552	0.730721	0.001321	0	810
MNCLW00295	87	652	4207.0000	0.001269	0.805608	0.001278	0	810
MNCLW00296	567	685	10273.0000	0.001587	0.834102	0.002679	0	810
MNCLW00297	1144	698	12771.0000	0.001787	0.845889	0.003266	0	810
MNCLW00298	135	640	6343.0000	0.001197	0.795724	0.001769	0	810
MNCLW00299	135	637	6143.0000	0.001162	0.793290	0.001723	0	810
MNCLW00300	178	625	6260.0000	0.001087	0.783704	0.001739	0	810
MNCLW00301	15	405	1123.0000	0.000150	0.641564	0.000480	0	810
MNCLW00302	183	639	6252.0000	0.001174	0.794911	0.001744	0	810
MNCLW00303	176	611	6289.0000	0.000939	0.772808	0.001734	0	810
MNCLW00304	1842	735	19031.0000	0.002485	0.881334	0.004734	0	810
MNCLW00305	190	621	6654.0000	0.000926	0.780559	0.001827	0	810
MNCLW00306	186	615	6558.0000	0.000872	0.775890	0.001798	0	810
MNCLW00307	170	616	6453.0000	0.000880	0.776664	0.001774	0	810
MNCLW00308	170	603	6244.0000	0.000809	0.766717	0.001716	0	810
MNCLW00309	151	603	6014.0000	0.000809	0.766717	0.001664	0	810
MNCLW00310	183	691	6269.0000	0.001543	0.839501	0.001800	0	810
MNCLW00311	168	705	7105.0000	0.001689	0.852374	0.001999	0	810
MNCLW00312	59	620	4114.0000	0.000820	0.779777	0.001207	0	810
MNCLW00313	5	299	403.0000	0.000141	0.590006	0.000318	0	810
MNCLW00314	185	596	7498.0000	0.000592	0.761465	0.001926	0	810
MNCLW00315	2	184	243.0000	0.000000	0.541934	0.000271	0	810
MNCLW00316	1	184	184.0000	0.000000	0.541934	0.000255	0	810
MNCLW00317	2	184	236.0000	0.000000	0.541934	0.000273	0	810
MNCLW00318	876	701	15852.0000	0.001563	0.848656	0.003872	0	810
MNCLW00319	1	184	184.0000	0.000000	0.541934	0.000255	0	810
MNCLW00320	117	705	6186.0000	0.001558	0.852374	0.001758	0	810
MNCLW00321	1	184	184.0000	0.000000	0.541934	0.000255	0	810
MNCLW00322	2	372	418.0000	0.000297	0.624573	0.000383	0	810
MNCLW00323	1	184	184.0000	0.000000	0.541934	0.000255	0	810
MNCLW00324	1	184	184.0000	0.000000	0.541934	0.000255	0	810
MNCLW00325	2	372	418.0000	0.000297	0.624573	0.000383	0	810
MNCLW00326	1	184	184.0000	0.000000	0.541934	0.000255	0	810
MNCLW00327	1	184	184.0000	0.000000	0.541934	0.000255	0	810
MNCLW00328	7	502	743.0000	0.000529	0.697328	0.000464	0	810
MNCLW00329	6	502	691.0000	0.000529	0.697328	0.000446	0	810
MNCLW00330	567	716	13810.0000	0.001855	0.862769	0.003461	0	810
MNCLW00331	22	392	860.0000	0.000173	0.634761	0.000425	0	810
MNCLW00332	6	246	394.0000	0.000042	0.567214	0.000309	0	810
MNCLW00333	601	725	14967.0000	0.002346	0.871464	0.003760	0	810
MNCLW00334	13	275	630.0000	0.000054	0.579031	0.000370	0	810
MNCLW00335	107	557	5526.0000	0.000602	0.733476	0.001490	0	810
MNCLW00336	303	679	9856.0000	0.001379	0.828773	0.002512	0	810
MNCLW00337	19	462	1348.0000	0.000279	0.673199	0.000537	0	810
MNCLW00338	2	184	236.0000	0.000000	0.541934	0.000273	0	810
MNCLW00339	4	217	233.0000	0.000024	0.555077	0.000269	0	810
MNCLW00340	1	184	184.0000	0.000000	0.541934	0.000255	0	810
MNCLW00341	854	754	16109.0000	0.002404	0.900715	0.004008	0	810
MNCLW00342	3	284	376.0000	0.000059	0.583372	0.000306	0	810
MNCLW00343	5	186	243.0000	0.000001	0.542690	0.000274	0	810
MNCLW00344	1	184	184.0000	0.000000	0.541934	0.000255	0	810
MNCLW00345	1	184	184.0000	0.000000	0.541934	0.000255	0	810
MNCLW00346	2	372	418.0000	0.000297	0.624573	0.000383	0	810
MNCLW00347	473	751	16561.0000	0.002621	0.897598	0.004140	0	810
MNCLW00348	470	698	11834.0000	0.001877	0.845889	0.002998	0	810
MNCLW00349	2	372	418.0000	0.000297	0.624573	0.000383	0	810
MNCLW00350	1276	702	13541.0000	0.001894	0.849583	0.003402	0	810
MNCLW00351	355	754	11616.0000	0.002599	0.900715	0.003022	0	810
MNCLW00352	27	405	1217.0000	0.000195	0.641564	0.000537	0	810
MNCLW00353	26	402	1215.0000	0.000186	0.639982	0.000536	0	810
MNCLW00354	34	403	1210.0000	0.000186	0.640508	0.000533	0	810
MNCLW00355	26	389	1112.0000	0.000173	0.633212	0.000513	0	810
MNCLW00356	33	393	1120.0000	0.000177	0.635280	0.000514	0	810
MNCLW00357	26	389	1110.0000	0.000173	0.633212	0.000512	0	810
MNCLW00358	26	389	1106.0000	0.000173	0.633212	0.000511	0	810
MNCLW00359	26	389	1108.0000	0.000173	0.633212	0.000511	0	810
MNCLW00360	29	412	1221.0000	0.000201	0.645288	0.000537	0	810
MNCLW00361	23	530	1341.0000	0.000696	0.715274	0.000638	0	810
MNCLW00362	28	530	1340.0000	0.000696	0.715274	0.000638	0	810
MNCLW00363	23	530	1340.0000	0.000696	0.715274	0.000638	0	810
MNCLW00364	10	376	767.0000	0.000126	0.626080	0.000396	0	810
MNCLW00365	77	657	3572.0000	0.001169	0.809800	0.001128	0	810
MNCLW00366	2	211	217.0000	0.000017	0.553104	0.000264	0	810
MNCLW00367	41	500	2495.0000	0.000326	0.696080	0.000806	0	810
MNCLW00368	130	540	4768.0000	0.000472	0.721909	0.001338	0	810
MNCLW00369	123	521	3601.0000	0.000333	0.709405	0.001042	0	810
MNCLW00370	3	184	236.0000	0.000000	0.541934	0.000273	0	810
MNCLW00371	9	349	567.0000	0.000099	0.613253	0.000352	0	810
MNCLW00372	98	516	4378.0000	0.000335	0.706187	0.001218	0	810
MNCLW00373	12	369	748.0000	0.000127	0.623073	0.000383	0	810
MNCLW00374	13	320	557.0000	0.000105	0.599551	0.000356	0	810
MNCLW00375	2	215	233.0000	0.000026	0.553892	0.000269	0	810
MNCLW00376	484	685	14341.0000	0.001440	0.834102	0.003550	0	810
MNCLW00377	2	254	315.0000	0.000049	0.570541	0.000290	0	810
MNCLW00378	240	596	9217.0000	0.000665	0.761465	0.002317	0	810
MNCLW00379	306	669	9577.0000	0.001235	0.820040	0.002446	0	810
MNCLW00380	3	184	243.0000	0.000000	0.541934	0.000270	0	810
MNCLW00381	4	464	619.0000	0.000754	0.674365	0.000458	0	810
MNCLW00382	55	611	2734.0000	0.000897	0.772808	0.000942	0	810
MNCLW00383	1166	728	17965.0000	0.001993	0.874402	0.004388	0	810
MNCLW00384	988	701	15073.0000	0.002019	0.848656	0.003754	0	810
MNCLW00385	242	588	8663.0000	0.000577	0.755551	0.002196	0	810
MNCLW00386	151	572	7248.0000	0.000539	0.743994	0.001869	0	810
MNCLW00387	30	481	1720.0000	0.000311	0.684448	0.000634	0	810
MNCLW00388	1	184	184.0000	0.000000	0.541934	0.000255	0	810
MNCLW00389	117	523	4751.0000	0.000469	0.710701	0.001300	0	810
MNCLW00390	268	672	7788.0000	0.001331	0.822640	0.002067	0	810
MNCLW00391	12	444	807.0000	0.000428	0.662877	0.000486	0	810
MNCLW00392	11	410	959.0000	0.000144	0.644220	0.000436	0	810
MNCLW00393	5	381	473.0000	0.000314	0.629117	0.000396	0	810
MNCLW00394	383	690	11507.0000	0.001546	0.838597	0.002906	0	810
MNCLW00395	167	664	8093.0000	0.001191	0.815742	0.002128	0	810
MNCLW00396	7	373	559.0000	0.000299	0.625074	0.000425	0	810
MNCLW00397	6	373	507.0000	0.000299	0.625074	0.000407	0	810
MNCLW00398	271	629	10256.0000	0.000863	0.786873	0.002572	0	810
MNCLW00399	13	562	1620.0000	0.000655	0.736948	0.000658	0	810
MNCLW00400	6	333	447.0000	0.000090	0.605617	0.000317	0	810
MNCLW00401	21	448	1404.0000	0.000221	0.665143	0.000543	0	810
MNCLW00402	53	498	2218.0000	0.000286	0.694837	0.000741	0	810
MNCLW00403	228	590	5303.0000	0.000711	0.757021	0.001475	0	810
MNCLW00404	35	445	1328.0000	0.000279	0.663442	0.000557	0	810
MNCLW00405	6	281	515.0000	0.000091	0.581628	0.000354	0	810
MNCLW00406	124	556	4845.0000	0.000484	0.732785	0.001347	0	810
MNCLW00407	53	644	3033.0000	0.001056	0.798991	0.001045	0	810
MNCLW00408	49	552	3294.0000	0.000443	0.730035	0.001022	0	810
MNCLW00409	64	552	3256.0000	0.000450	0.730035	0.001018	0	810
MNCLW00410	53	548	3127.0000	0.000444	0.727306	0.000994	0	810
MNCLW00411	73	558	4155.0000	0.000463	0.734168	0.001222	0	810
MNCLW00412	44	476	2251.0000	0.000269	0.681451	0.000770	0	810
MNCLW00413	50	486	2596.0000	0.000287	0.687471	0.000856	0	810
MNCLW00414	42	472	2300.0000	0.000253	0.679073	0.000782	0	810
MNCLW00415	121	549	3578.0000	0.000449	0.727987	0.001091	0	810
MNCLW00416	30	405	1253.0000	0.000065	0.641564	0.000491	0	810
MNCLW00417	24	405	1233.0000	0.000066	0.641564	0.000485	0	810
MNCLW00418	28	405	1236.0000	0.000066	0.641564	0.000486	0	810
MNCLW00419	34	581	2367.0000	0.000676	0.750451	0.000838	0	810
MNCLW00420	32	571	2147.0000	0.000649	0.743283	0.000791	0	810
MNCLW00421	35	568	2138.0000	0.000638	0.741160	0.000787	0	810
MNCLW00422	29	539	1454.0000	0.000560	0.721240	0.000625	0	810
MNCLW00423	292	625	10401.0000	0.000870	0.783704	0.002596	0	810
MNCLW00424	33	419	1328.0000	0.000118	0.649056	0.000517	0	810
MNCLW00425	5	385	516.0000	0.000190	0.631158	0.000378	0	810
MNCLW00426	8	469	735.0000	0.000308	0.677300	0.000431	0	810
MNCLW00427	16	500	1225.0000	0.000442	0.696080	0.000559	0	810
MNCLW00428	52	593	2313.0000	0.000670	0.759237	0.000814	0	810
MNCLW00429	2	42	42.0000	0.000000	0.493167	0.000197	0	810
MNCLW00430	9	237	332.0000	0.000118	0.563517	0.000294	0	810
MNCLW00431	318	661	10804.0000	0.001373	0.813185	0.002715	0	810
MNCLW00432	3	231	235.0000	0.000005	0.560272	0.000240	0	810
MNCLW00433	3	227	227.0000	0.000000	0.558663	0.000236	0	810
MNCLW00434	4	413	472.0000	0.000229	0.645288	0.000367	0	810
MNCLW00435	69	544	2559.0000	0.000377	0.724597	0.000813	0	810
MNCLW00436	271	590	10033.0000	0.000628	0.757021	0.002459	0	810
MNCLW00437	493	715	15260.0000	0.001737	0.861814	0.003728	0	810
MNCLW00438	192	529	7788.0000	0.000331	0.714617	0.001929	0	810
MNCLW00439	23	413	1513.0000	0.000082	0.645824	0.000532	0	810
MNCLW00440	210	580	7905.0000	0.000571	0.749728	0.001978	0	810
MNCLW00441	1	0	0.0000	0.000000	0.000000	0.000184	9	1
MNCLW00442	20	438	657.0000	0.000324	0.659506	0.000415	0	810
MNCLW00443	362	686	12574.0000	0.001432	0.834997	0.003083	0	810
MNCLW00444	202	546	7560.0000	0.000437	0.725949	0.001891	0	810
MNCLW00445	7	316	384.0000	0.000195	0.597709	0.000375	0	810
MNCLW00446	6	274	306.0000	0.000062	0.579031	0.000305	0	810
MNCLW00447	4	297	378.0000	0.000051	0.588667	0.000324	0	810
MNCLW00448	10	535	893.0000	0.000614	0.718576	0.000523	0	810
MNCLW00449	10	449	811.0000	0.000482	0.665712	0.000475	0	810
MNCLW00450	3	238	261.0000	0.000034	0.563926	0.000295	0	810
MNCLW00451	6	434	877.0000	0.000184	0.657278	0.000449	0	810
MNCLW00452	11	513	1485.0000	0.000296	0.704269	0.000591	0	810
MNCLW00453	10	534	1135.0000	0.000597	0.717913	0.000588	0	810
MNCLW00454	12	514	1490.0000	0.000302	0.704907	0.000594	0	810
MNCLW00455	9	431	805.0000	0.000218	0.655617	0.000438	0	810
MNCLW00456	6	315	492.0000	0.000059	0.596793	0.000362	0	810
MNCLW00457	3	272	310.0000	0.000043	0.577741	0.000300	0	810
MNCLW00458	5	177	177.0000	0.000000	0.539305	0.000269	0	810
MNCLW00459	6	336	419.0000	0.000083	0.606561	0.000326	0	810
MNCLW00460	9	497	860.0000	0.000543	0.694217	0.000521	0	810
MNCLW00461	3	278	373.0000	0.000049	0.580759	0.000332	0	810
MNCLW00462	16	528	1099.0000	0.000716	0.713961	0.000585	0	810
MNCLW00463	8	462	726.0000	0.000428	0.673199	0.000490	0	810
MNCLW00464	9	556	1013.0000	0.000730	0.732785	0.000568	0	810
MNCLW00465	4	389	464.0000	0.000144	0.633212	0.000335	0	810
MNCLW00466	3	177	177.0000	0.000000	0.539305	0.000269	0	810
MNCLW00467	7	334	520.0000	0.000110	0.606088	0.000369	0	810
MNCLW00468	4	278	373.0000	0.000049	0.580759	0.000332	0	810
MNCLW00469	8	253	355.0000	0.000032	0.569705	0.000325	0	810
MNCLW00470	6	445	602.0000	0.000412	0.663442	0.000446	0	810
MNCLW00471	7	407	574.0000	0.000339	0.642624	0.000447	0	810
MNCLW00472	11	485	876.0000	0.000483	0.686865	0.000528	0	810
MNCLW00473	9	328	528.0000	0.000080	0.603269	0.000362	0	810
MNCLW00474	6	488	746.0000	0.000526	0.688688	0.000483	0	810
MNCLW00475	8	441	819.0000	0.000207	0.661187	0.000425	0	810
MNCLW00476	4	278	373.0000	0.000049	0.580759	0.000332	0	810
MNCLW00477	8	421	647.0000	0.000210	0.650140	0.000388	0	810
MNCLW00478	10	376	636.0000	0.000117	0.626080	0.000387	0	810
MNCLW00479	3	177	177.0000	0.000000	0.539305	0.000269	0	810
MNCLW00480	2	177	177.0000	0.000000	0.539305	0.000269	0	810
MNCLW00481	387	695	11763.0000	0.002182	0.843139	0.003034	0	810
MNCLW00482	4	433	537.0000	0.000417	0.656724	0.000432	0	810
MNCLW00483	1	0	0.0000	0.000000	0.000000	0.000184	10	1
MNCLW00484	234	580	9741.0000	0.000426	0.749728	0.002364	0	810
MNCLW00485	159	552	7043.0000	0.000436	0.730035	0.001779	0	810
MNCLW00486	3	27	27.0000	0.000000	0.488523	0.000200	0	810
MNCLW00487	2	58	58.0000	0.000000	0.498538	0.000202	0	810
MNCLW00488	638	672	15343.0000	0.002339	0.822640	0.003769	0	810
MNCLW00489	2	58	58.0000	0.000000	0.498538	0.000202	0	810
MNCLW00490	231	598	11094.0000	0.000692	0.762958	0.002688	0	810
MNCLW00491	3	41	41.0000	0.000000	0.492855	0.000193	0	810
MNCLW00492	42	490	1862.0000	0.000251	0.689909	0.000640	0	810
MNCLW00494	256	603	7780.0000	0.000588	0.766717	0.001964	0	810
MNCLW00495	13	401	901.0000	0.000117	0.639456	0.000405	0	810
MNCLW00496	2	170	180.0000	0.000012	0.537072	0.000237	0	810
MNCLW00497	357	657	11921.0000	0.001218	0.809800	0.002924	0	810
MNCLW00498	21	506	1241.0000	0.000484	0.699836	0.000549	0	810
MNCLW00499	2	26	26.0000	0.000000	0.488217	0.000191	0	810
MNCLW00500	87	544	4304.0000	0.000308	0.724597	0.001182	0	810
MNCLW00501	167	599	9262.0000	0.000628	0.763707	0.002296	0	810
MNCLW00502	6	471	608.0000	0.000463	0.678481	0.000444	0	810
MNCLW00503	4	351	446.0000	0.000107	0.614221	0.000333	0	810
MNCLW00504	5	471	608.0000	0.000463	0.678481	0.000444	0	810
MNCLW00505	5	177	177.0000	0.000000	0.539305	0.000269	0	810
MNCLW00506	7	511	709.0000	0.000726	0.702997	0.000493	0	810
MNCLW00507	4	177	177.0000	0.000000	0.539305	0.000269	0	810
MNCLW00508	77	576	3236.0000	0.000542	0.746850	0.001003	0	810
MNCLW00509	60	543	2782.0000	0.000379	0.723923	0.000890	0	810
MNCLW00510	121	517	4561.0000	0.000436	0.706828	0.001244	0	810
MNCLW00511	268	706	11227.0000	0.001428	0.853309	0.002840	0	810
MNCLW00512	7	251	279.0000	0.000088	0.568873	0.000347	0	810
MNCLW00513	583	617	11967.0000	0.000756	0.777440	0.002924	0	810
MNCLW00514	18	321	677.0000	0.000019	0.600014	0.000345	0	810
MNCLW00515	128	505	5596.0000	0.000244	0.699207	0.001436	0	810
MNCLW00516	3	216	216.0000	0.000000	0.554286	0.000235	0	810
MNCLW00517	181	654	8588.0000	0.000970	0.807280	0.002183	0	810
MNCLW00518	182	550	7170.0000	0.000418	0.728668	0.001807	0	810
MNCLW00519	262	680	12461.0000	0.001311	0.829656	0.003077	0	810
MNCLW00520	29	415	1334.0000	0.000099	0.646897	0.000495	0	810
MNCLW00521	183	597	7508.0000	0.001578	0.762211	0.001989	0	810
MNCLW00522	35	431	1790.0000	0.000135	0.655617	0.000606	0	810
MNCLW00523	44	420	1839.0000	0.000084	0.649597	0.000610	0	810
MNCLW00524	24	414	1376.0000	0.000095	0.646360	0.000504	0	810
MNCLW00525	201	622	8247.0000	0.000791	0.781343	0.002088	0	810
MNCLW00526	2	234	234.0000	0.000000	0.561890	0.000311	0	810
MNCLW00527	445	647	10374.0000	0.001047	0.801460	0.002580	0	810
MNCLW00528	5	315	343.0000	0.000103	0.597251	0.000337	0	810
MNCLW00529	3	109	109.0000	0.000000	0.515376	0.000209	0	810
MNCLW00530	390	612	12809.0000	0.000770	0.773576	0.003080	0	810
MNCLW00531	6	350	420.0000	0.000141	0.613736	0.000359	0	810
MNCLW00532	6	349	418.0000	0.000140	0.613253	0.000358	0	810
MNCLW00533	173	570	7044.0000	0.000482	0.742574	0.001779	0	810
MNCLW00534	3	111	129.0000	0.000000	0.516402	0.000217	0	810
MNCLW00535	42	520	2170.0000	0.000329	0.708759	0.000738	0	810
MNCLW00536	239	585	10258.0000	0.000511	0.753357	0.002497	0	810
MNCLW00537	100	646	5521.0000	0.001110	0.800635	0.001529	0	810
MNCLW00538	187	570	6784.0000	0.000523	0.742574	0.001740	0	810
MNCLW00539	374	710	11876.0000	0.001770	0.857068	0.003016	0	810
MNCLW00540	126	502	6788.0000	0.000264	0.697328	0.001694	0	810
MNCLW00541	4	263	291.0000	0.000106	0.573907	0.000350	0	810
MNCLW00542	482	645	12754.0000	0.001177	0.799813	0.003108	0	810
MNCLW00543	2	234	234.0000	0.000000	0.561890	0.000311	0	810
MNCLW00544	358	720	13434.0000	0.001875	0.866612	0.003356	0	810
MNCLW00545	224	582	8683.0000	0.000485	0.751175	0.002147	0	810
MNCLW00546	134	520	7101.0000	0.000265	0.708759	0.001766	0	810
MNCLW00547	1811	686	17515.0000	0.001514	0.834997	0.004198	0	810
MNCLW00548	10	321	557.0000	0.000175	0.600014	0.000339	0	810
MNCLW00549	268	595	10262.0000	0.000465	0.760721	0.002489	0	810
MNCLW00550	5	61	121.0000	0.000000	0.499177	0.000212	0	810
MNCLW00551	306	645	12268.0000	0.001121	0.799813	0.003009	0	810
MNCLW00552	7	365	773.0000	0.000019	0.621083	0.000362	0	810
MNCLW00553	153	531	6808.0000	0.000314	0.715932	0.001711	0	810
MNCLW00554	193	632	9094.0000	0.000835	0.789267	0.002274	0	810
MNCLW00555	241	556	8936.0000	0.000493	0.732785	0.002196	0	810
MNCLW00556	132	585	6535.0000	0.000464	0.753357	0.001696	0	810
MNCLW00557	1	0	0.0000	0.000000	0.000000	0.000184	11	1
MNCLW00558	180	559	7821.0000	0.000517	0.734861	0.001959	0	810
MNCLW00559	343	603	12352.0000	0.000825	0.766717	0.002983	0	810
MNCLW00560	17	545	1213.0000	0.000502	0.725273	0.000543	0	810
MNCLW00561	217	623	10851.0000	0.000721	0.782128	0.002668	0	810
MNCLW00562	1	0	0.0000	0.000000	0.000000	0.000184	12	1
MNCLW00563	192	606	8434.0000	0.000722	0.768990	0.002131	0	810
MNCLW00564	11	430	573.0000	0.000251	0.655065	0.000391	0	810
MNCLW00565	5	243	252.0000	0.000010	0.565565	0.000316	0	810
MNCLW00566	281	662	9530.0000	0.001070	0.814035	0.002407	0	810
MNCLW00567	13	339	712.0000	0.000025	0.608458	0.000348	0	810
MNCLW00568	6	389	486.0000	0.000318	0.633212	0.000415	0	810
MNCLW00569	6	389	486.0000	0.000318	0.633212	0.000415	0	810
MNCLW00570	7	160	189.0000	0.000011	0.533757	0.000231	0	810
MNCLW00571	2	234	234.0000	0.000000	0.561890	0.000311	0	810
MNCLW00572	1057	778	21057.0000	0.003275	0.926450	0.005184	0	810
MNCLW00573	25	536	1400.0000	0.000454	0.719240	0.000575	0	810
MNCLW00574	68	608	2470.0000	0.000733	0.770512	0.000828	0	810
MNCLW00575	121	600	6801.0000	0.000543	0.764457	0.001740	0	810
MNCLW00576	13	274	553.0000	0.000020	0.579031	0.000316	0	810
MNCLW00577	43	591	1738.0000	0.000691	0.757758	0.000669	0	810
MNCLW00578	2	0	0.0000	0.000000	0.000000	0.000184	13	1
MNCLW00579	4	249	271.0000	0.000086	0.568042	0.000345	0	810
MNCLW00580	111	556	5750.0000	0.000390	0.732785	0.001504	0	810
MNCLW00581	367	633	12343.0000	0.000847	0.790069	0.002996	0	810
MNCLW00582	3	234	234.0000	0.000000	0.561890	0.000311	0	810
MNCLW00583	49	481	2814.0000	0.000137	0.684448	0.000829	0	810
MNCLW00584	367	635	11572.0000	0.000795	0.791676	0.002819	0	810
MNCLW00585	14	291	509.0000	0.000009	0.586449	0.000300	0	810
MNCLW00586	5	250	281.0000	0.000000	0.568873	0.000246	0	810
MNCLW00587	1	0	0.0000	0.000000	0.000000	0.000184	14	1
MNCLW00588	1	0	0.0000	0.000000	0.000000	0.000184	15	1
MNCLW00589	550	629	14928.0000	0.000870	0.786873	0.003556	0	810
MNCLW00590	2	234	234.0000	0.000000	0.561890	0.000311	0	810
MNCLW00591	312	698	11864.0000	0.001616	0.845889	0.002971	0	810
MNCLW00592	357	618	12111.0000	0.000603	0.778218	0.002920	0	810
MNCLW00593	25	423	2015.0000	0.000081	0.651228	0.000641	0	810
MNCLW00594	673	682	16498.0000	0.001333	0.831429	0.003996	0	810
MNCLW00595	734	664	16137.0000	0.001444	0.815742	0.003886	0	810
MNCLW00596	14	469	797.0000	0.000324	0.677300	0.000441	0	810
MNCLW00597	146	542	6335.0000	0.000412	0.723251	0.001624	0	810
MNCLW00598	6	227	288.0000	0.000008	0.559466	0.000250	0	810
MNCLW00599	80	609	4127.0000	0.000840	0.771276	0.001205	0	810
MNCLW00600	3	70	79.0000	0.000000	0.502725	0.000205	0	810
MNCLW00601	3	70	79.0000	0.000000	0.502725	0.000205	0	810
MNCLW00602	5	216	283.0000	0.000005	0.555077	0.000249	0	810
MNCLW00603	228	657	9467.0000	0.001147	0.809800	0.002399	0	810
MNCLW00604	11	402	594.0000	0.000219	0.639982	0.000394	0	810
MNCLW00605	200	739	12327.0000	0.002661	0.885344	0.003204	0	810
MNCLW00606	297	625	11396.0000	0.000755	0.783704	0.002778	0	810
MNCLW00607	9	468	772.0000	0.000294	0.676711	0.000429	0	810
MNCLW00608	70	518	3936.0000	0.000316	0.707471	0.001089	0	810
MNCLW00609	756	702	15315.0000	0.001444	0.849583	0.003716	0	810
MNCLW00610	17	471	843.0000	0.000307	0.678481	0.000450	0	810
MNCLW00611	8	291	462.0000	0.000010	0.585566	0.000294	0	810
MNCLW00612	2	234	234.0000	0.000000	0.561890	0.000311	0	810
MNCLW00613	191	565	6556.0000	0.000383	0.739048	0.001694	0	810
MNCLW00614	1013	780	17193.0000	0.003365	0.928661	0.004357	0	810
MNCLW00615	305	652	10900.0000	0.001336	0.805608	0.002740	0	810
MNCLW00616	81	516	4092.0000	0.000382	0.706187	0.001132	0	810
MNCLW00617	389	622	10277.0000	0.001007	0.781343	0.002548	0	810
MNCLW00618	4	33	33.0000	0.000001	0.487911	0.000213	0	810
MNCLW00619	250	583	8837.0000	0.000648	0.751901	0.002182	0	810
MNCLW00620	59	485	2250.0000	0.000304	0.686865	0.000744	0	810
MNCLW00621	6	127	168.0000	0.000001	0.521244	0.000228	0	810
MNCLW00622	4	234	234.0000	0.000000	0.561890	0.000311	0	810
MNCLW00623	2	234	234.0000	0.000000	0.561890	0.000311	0	810
MNCLW00624	17	499	1031.0000	0.000372	0.695458	0.000495	0	810
MNCLW00625	143	663	7712.0000	0.001007	0.814888	0.002006	0	810
MNCLW00626	67	468	3904.0000	0.000171	0.676711	0.001057	0	810
MNCLW00627	246	655	10150.0000	0.001101	0.808118	0.002532	0	810
MNCLW00628	10	356	841.0000	0.000031	0.616654	0.000374	0	810
MNCLW00629	1	0	0.0000	0.000000	0.000000	0.000184	16	1
MNCLW00630	4	257	367.0000	0.000003	0.571798	0.000265	0	810
MNCLW00631	137	596	8297.0000	0.000913	0.761465	0.002113	0	810
MNCLW00632	140	534	7027.0000	0.000360	0.717913	0.001772	0	810
MNCLW00633	24	355	732.0000	0.000040	0.616166	0.000354	0	810
MNCLW00634	3	120	120.0000	0.000046	0.519158	0.000237	0	810
MNCLW00635	269	608	12345.0000	0.000812	0.770512	0.002982	0	810
MNCLW00636	133	521	5754.0000	0.000199	0.709405	0.001465	0	810
MNCLW00637	113	502	5173.0000	0.000184	0.697328	0.001344	0	810
MNCLW00638	9	238	313.0000	0.000007	0.563926	0.000256	0	810
MNCLW00639	806	734	17567.0000	0.002990	0.880337	0.004369	0	810
MNCLW00640	8	279	504.0000	0.000019	0.581193	0.000299	0	810
MNCLW00641	59	564	3162.0000	0.000490	0.738347	0.000955	0	810
MNCLW00642	220	588	7946.0000	0.000655	0.755551	0.002005	0	810
MNCLW00643	8	190	227.0000	0.000003	0.544970	0.000237	0	810
MNCLW00644	212	514	7153.0000	0.000282	0.704907	0.001776	0	810
MNCLW00645	98	501	4390.0000	0.000209	0.696703	0.001178	0	810
MNCLW00646	3	216	216.0000	0.000000	0.554286	0.000235	0	810
MNCLW00647	3	0	0.0000	0.000000	0.000000	0.000184	17	1
MNCLW00648	1	0	0.0000	0.000000	0.000000	0.000184	18	1
MNCLW00649	2	234	234.0000	0.000000	0.561890	0.000311	0	810
MNCLW00650	10	365	444.0000	0.000206	0.621083	0.000364	0	810
MNCLW00651	146	653	7596.0000	0.001036	0.806443	0.001979	0	810
MNCLW00652	373	583	10174.0000	0.000426	0.751901	0.002461	0	810
MNCLW00653	28	406	1250.0000	0.000091	0.642094	0.000478	0	810
MNCLW00654	3	253	256.0000	0.000018	0.569705	0.000316	0	810
MNCLW00655	910	655	15113.0000	0.001206	0.808118	0.003619	0	810
MNCLW00656	3	243	245.0000	0.000018	0.565565	0.000315	0	810
MNCLW00657	164	579	6852.0000	0.000533	0.749006	0.001748	0	810
MNCLW00658	36	472	1823.0000	0.000162	0.679073	0.000617	0	810
MNCLW00659	2	9	9.0000	0.000000	0.482765	0.000186	0	810
MNCLW00660	224	594	8931.0000	0.000760	0.759978	0.002223	0	810
MNCLW00661	89	512	4005.0000	0.000269	0.703633	0.001107	0	810
MNCLW00662	2	104	104.0000	0.000000	0.514014	0.000210	0	810
MNCLW00663	536	652	13460.0000	0.001392	0.805608	0.003301	0	810
MNCLW00664	4	125	156.0000	0.000028	0.521244	0.000238	0	810
MNCLW00665	134	597	8417.0000	0.000545	0.762211	0.002100	0	810
MNCLW00666	211	704	10231.0000	0.001755	0.851442	0.002611	0	810
MNCLW00667	545	618	12821.0000	0.000893	0.778218	0.003091	0	810
MNCLW00668	2	107	107.0000	0.000000	0.514694	0.000217	0	810
MNCLW00669	1	0	0.0000	0.000000	0.000000	0.000184	19	1
MNCLW00670	344	614	12211.0000	0.000601	0.775117	0.002932	0	810
MNCLW00671	140	516	5941.0000	0.000272	0.706187	0.001516	0	810
MNCLW00672	38	461	2571.0000	0.000192	0.672617	0.000781	0	810
MNCLW00673	3	62	74.0000	0.000000	0.499498	0.000202	0	810
MNCLW00674	185	588	8451.0000	0.000934	0.755551	0.002132	0	810
MNCLW00675	112	542	5150.0000	0.000505	0.723251	0.001380	0	810
MNCLW00676	4	258	271.0000	0.000024	0.571798	0.000319	0	810
MNCLW00677	439	706	10519.0000	0.001514	0.853309	0.002689	0	810
MNCLW00678	3	25	25.0000	0.000000	0.486690	0.000190	0	810
MNCLW00679	417	656	14334.0000	0.001156	0.808958	0.003480	0	810
MNCLW00680	2	31	31.0000	0.000000	0.490370	0.000203	0	810
MNCLW00681	510	663	13807.0000	0.001382	0.814888	0.003376	0	810
MNCLW00682	222	605	8427.0000	0.000890	0.768231	0.002131	0	810
MNCLW00683	9	288	491.0000	0.000009	0.585126	0.000296	0	810
MNCLW00684	431	614	12688.0000	0.000691	0.775117	0.003060	0	810
MNCLW00685	2	234	234.0000	0.000000	0.561890	0.000311	0	810
MNCLW00686	17	538	1302.0000	0.000641	0.720572	0.000585	0	810
MNCLW00687	1044	741	18411.0000	0.002497	0.887363	0.004500	0	810
MNCLW00688	39	473	2221.0000	0.000146	0.679666	0.000695	0	810
MNCLW00689	1	0	0.0000	0.000000	0.000000	0.000184	20	1
MNCLW00690	427	651	11971.0000	0.001054	0.804775	0.002950	0	810
MNCLW00691	146	547	7376.0000	0.000354	0.726627	0.001840	0	810
MNCLW00692	4	361	415.0000	0.000140	0.619107	0.000350	0	810
MNCLW00693	293	672	11620.0000	0.001204	0.822640	0.002879	0	810
MNCLW00694	279	574	7749.0000	0.000597	0.745419	0.001958	0	810
MNCLW00695	641	627	12034.0000	0.001059	0.785285	0.002929	0	810
MNCLW00696	155	662	6777.0000	0.001266	0.814035	0.001830	0	810
MNCLW00697	285	687	11351.0000	0.001723	0.835894	0.002871	0	810
MNCLW00698	22	388	1026.0000	0.000125	0.632697	0.000434	0	810
MNCLW00699	132	553	6661.0000	0.000676	0.730721	0.001720	0	810
MNCLW00700	19	533	1419.0000	0.000484	0.717251	0.000591	0	810
MNCLW00701	2	234	234.0000	0.000000	0.561890	0.000311	0	810
MNCLW00702	267	704	10652.0000	0.001485	0.851442	0.002697	0	810
MNCLW00703	263	582	9751.0000	0.000809	0.751175	0.002409	0	810
MNCLW00704	261	594	9937.0000	0.000617	0.759978	0.002435	0	810
MNCLW00705	3	175	244.0000	0.000006	0.539305	0.000242	0	810
MNCLW00706	304	706	11424.0000	0.001475	0.853309	0.002879	0	810
MNCLW00707	134	574	6825.0000	0.000358	0.745419	0.001735	0	810
MNCLW00708	27	578	1449.0000	0.000749	0.748286	0.000620	0	810
MNCLW00709	34	431	2212.0000	0.000096	0.655617	0.000690	0	810
MNCLW00710	91	502	4978.0000	0.000250	0.697328	0.001308	0	810
MNCLW00711	146	583	8225.0000	0.000493	0.751901	0.002050	0	810
MNCLW00712	4	256	269.0000	0.000023	0.571379	0.000319	0	810
MNCLW00713	21	607	1368.0000	0.001023	0.769750	0.000649	0	810
MNCLW00714	5	356	411.0000	0.000266	0.616654	0.000396	0	810
MNCLW00715	34	520	831.0000	0.000603	0.708759	0.000504	0	810
MNCLW00716	306	745	10263.0000	0.002091	0.891429	0.002702	0	810
MNCLW00717	66	507	3950.0000	0.000227	0.700466	0.001077	0	810
MNCLW00718	116	556	6948.0000	0.000401	0.732785	0.001755	0	810
MNCLW00719	18	355	672.0000	0.000113	0.616166	0.000363	0	810
MNCLW00720	4	177	177.0000	0.000000	0.539305	0.000269	0	810
MNCLW00721	2	2	2.0000	0.000000	0.457506	0.000185	0	810
MNCLW00722	113	593	4556.0000	0.001791	0.759237	0.001355	0	810
MNCLW00723	13	110	127.0000	0.000002	0.515035	0.000221	0	810
MNCLW00724	19	152	239.0000	0.000007	0.530844	0.000249	0	810
MNCLW00725	13	125	150.0000	0.000004	0.520199	0.000227	0	810
MNCLW00726	32	446	941.0000	0.000200	0.664008	0.000443	0	810
MNCLW00727	38	563	1712.0000	0.000727	0.737647	0.000702	0	810
MNCLW00728	35	449	1544.0000	0.000228	0.665712	0.000594	0	810
MNCLW00729	49	431	1273.0000	0.000196	0.655617	0.000522	0	810
MNCLW00730	2	0	0.0000	0.000000	0.000000	0.000184	21	1
MNCLW00731	257	652	8785.0000	0.001098	0.805608	0.002225	0	810
MNCLW00732	116	620	6762.0000	0.000760	0.779777	0.001761	0	810
MNCLW00733	262	581	9139.0000	0.000524	0.750451	0.002246	0	810
MNCLW00734	4	329	361.0000	0.000133	0.603737	0.000347	0	810
MNCLW00735	218	605	9268.0000	0.000690	0.768231	0.002298	0	810
MNCLW00736	179	656	9554.0000	0.001805	0.808958	0.002443	0	810
MNCLW00737	12	245	354.0000	0.000025	0.566801	0.000268	0	810
MNCLW00738	5	307	558.0000	0.000021	0.593154	0.000318	0	810
MNCLW00739	32	407	1514.0000	0.000114	0.642624	0.000535	0	810
MNCLW00740	2	53	53.0000	0.000000	0.496946	0.000199	0	810
MNCLW00741	261	551	9404.0000	0.000467	0.729351	0.002302	0	810
MNCLW00742	4	82	82.0000	0.000031	0.506322	0.000231	0	810
MNCLW00743	1	0	0.0000	0.000000	0.000000	0.000184	22	1
MNCLW00744	6	131	131.0000	0.000000	0.523347	0.000217	0	810
MNCLW00745	213	694	10397.0000	0.001453	0.842227	0.002625	0	810
MNCLW00746	317	625	9281.0000	0.000778	0.783704	0.002308	0	810
MNCLW00747	3	8	8.0000	0.000000	0.478903	0.000186	0	810
MNCLW00748	6	175	310.0000	0.000023	0.539305	0.000277	0	810
MNCLW00749	1	0	0.0000	0.000000	0.000000	0.000184	23	1
MNCLW00750	1	0	0.0000	0.000000	0.000000	0.000184	24	1
MNCLW00751	4	400	453.0000	0.000203	0.638931	0.000364	0	810
MNCLW00752	2	48	48.0000	0.000000	0.494420	0.000196	0	810
MNCLW00753	8	35	45.0000	0.000018	0.491299	0.000226	0	810
MNCLW00754	2	234	234.0000	0.000000	0.561890	0.000311	0	810
MNCLW00755	3	234	234.0000	0.000000	0.561890	0.000311	0	810
MNCLW00756	5	148	254.0000	0.000008	0.529040	0.000256	0	810
MNCLW00757	2	0	0.0000	0.000000	0.000000	0.000184	25	1
MNCLW00758	426	572	10695.0000	0.000556	0.743994	0.002584	0	810
MNCLW00759	52	446	2848.0000	0.000171	0.664008	0.000836	0	810
MNCLW00760	3	200	217.0000	0.000019	0.548814	0.000237	0	810
MNCLW00761	1	0	0.0000	0.000000	0.000000	0.000184	26	1
MNCLW00762	162	575	8456.0000	0.000587	0.746134	0.002102	0	810
MNCLW00763	259	565	10093.0000	0.000592	0.739048	0.002447	0	810
MNCLW00764	121	552	5985.0000	0.000323	0.730035	0.001541	0	810
MNCLW00765	11	277	443.0000	0.000003	0.580326	0.000280	0	810
MNCLW00766	5	348	417.0000	0.000139	0.612770	0.000358	0	810
MNCLW00767	208	671	8170.0000	0.001061	0.821771	0.002112	0	810
MNCLW00768	16	453	801.0000	0.000271	0.667998	0.000441	0	810
MNCLW00769	4	254	258.0000	0.000020	0.570123	0.000317	0	810
MNCLW00770	149	530	6637.0000	0.000302	0.715274	0.001665	0	810
MNCLW00771	3	252	261.0000	0.000020	0.569705	0.000318	0	810
MNCLW00772	8	353	674.0000	0.000058	0.615192	0.000346	0	810
MNCLW00773	2	0	0.0000	0.000000	0.000000	0.000184	27	1
MNCLW00774	1	0	0.0000	0.000000	0.000000	0.000184	28	1
MNCLW00775	858	660	17337.0000	0.001192	0.812336	0.004107	0	810
MNCLW00776	9	366	619.0000	0.000056	0.621580	0.000336	0	810
MNCLW00777	2	234	234.0000	0.000000	0.561890	0.000311	0	810
MNCLW00778	255	637	8443.0000	0.000956	0.793290	0.002143	0	810
MNCLW00779	3	21	22.0000	0.000000	0.486690	0.000189	0	810
MNCLW00780	67	524	4760.0000	0.000443	0.711351	0.001282	0	810
MNCLW00781	474	661	14438.0000	0.001381	0.813185	0.003512	0	810
MNCLW00782	14	272	470.0000	0.000038	0.578171	0.000297	0	810
MNCLW00783	229	568	8349.0000	0.000563	0.741160	0.002078	0	810
MNCLW00784	133	479	3579.0000	0.000186	0.683246	0.001011	0	810
MNCLW00785	24	235	477.0000	0.000054	0.562703	0.000321	0	810
MNCLW00786	78	503	3537.0000	0.000252	0.697953	0.000989	0	810
MNCLW00787	118	535	6273.0000	0.000426	0.718576	0.001615	0	810
MNCLW00788	9	243	281.0000	0.000012	0.565976	0.000253	0	810
MNCLW00789	4	262	290.0000	0.000107	0.573907	0.000351	0	810
MNCLW00790	274	653	11025.0000	0.001119	0.806443	0.002756	0	810
MNCLW00791	161	583	8755.0000	0.000496	0.751901	0.002195	0	810
MNCLW00792	241	597	10311.0000	0.000652	0.762211	0.002517	0	810
MNCLW00793	57	488	3639.0000	0.000155	0.688688	0.001005	0	810
MNCLW00794	2	234	234.0000	0.000000	0.561890	0.000311	0	810
MNCLW00795	172	601	8085.0000	0.000633	0.765209	0.002032	0	810
MNCLW00796	6	200	360.0000	0.000093	0.548427	0.000298	0	810
MNCLW00797	5	173	331.0000	0.000000	0.538186	0.000265	0	810
MNCLW00798	3	173	331.0000	0.000000	0.538186	0.000265	0	810
MNCLW00799	3	173	331.0000	0.000000	0.538186	0.000265	0	810
MNCLW00800	145	425	1443.0000	0.000095	0.652320	0.000525	0	810
MNCLW00801	3	234	234.0000	0.000000	0.561890	0.000311	0	810
MNCLW00802	3	234	234.0000	0.000000	0.561890	0.000311	0	810
MNCLW00803	15	509	1281.0000	0.000441	0.701729	0.000551	0	810
MNCLW00804	1	0	0.0000	0.000000	0.000000	0.000184	29	1
MNCLW00805	19	379	665.0000	0.000085	0.628101	0.000351	0	810
MNCLW00806	3	118	118.0000	0.000000	0.518466	0.000210	0	810
MNCLW00807	2317	692	22620.0000	0.002377	0.840408	0.005382	0	810
MNCLW00808	3	250	253.0000	0.000016	0.568457	0.000315	0	810
MNCLW00809	695	738	19065.0000	0.002474	0.884338	0.004619	0	810
MNCLW00810	215	562	8740.0000	0.000494	0.736948	0.002151	0	810
MNCLW00811	67	606	2354.0000	0.000859	0.768990	0.000809	0	810
MNCLW00812	285	593	9780.0000	0.000816	0.759237	0.002415	0	810
MNCLW00813	5	226	289.0000	0.000009	0.559064	0.000253	0	810
MNCLW00814	296	618	12410.0000	0.000664	0.778218	0.002993	0	810
MNCLW00815	11	286	590.0000	0.000013	0.584247	0.000322	0	810
MNCLW00816	364	604	10653.0000	0.000688	0.767473	0.002603	0	810
MNCLW00817	87	492	3457.0000	0.000217	0.691135	0.000975	0	810
MNCLW00818	3	240	243.0000	0.000004	0.564335	0.000313	0	810
MNCLW00819	83	605	4028.0000	0.000748	0.768231	0.001170	0	810
MNCLW00820	5	348	417.0000	0.000139	0.612770	0.000358	0	810
MNCLW00821	1	0	0.0000	0.000000	0.000000	0.000184	30	1
MNCLW00822	12	322	772.0000	0.000033	0.600477	0.000367	0	810
MNCLW00823	8	323	635.0000	0.000027	0.600477	0.000336	0	810
MNCLW00824	1143	724	17524.0000	0.002672	0.870489	0.004299	0	810
MNCLW00825	1393	716	19284.0000	0.002875	0.862769	0.004691	0	810
MNCLW00826	2009	645	16916.0000	0.001314	0.799813	0.004015	0	810
MNCLW00827	237	623	10716.0000	0.001049	0.782128	0.002658	0	810
MNCLW00828	24	379	1092.0000	0.000055	0.628101	0.000457	0	810
MNCLW00829	26	375	1045.0000	0.000041	0.626080	0.000443	0	810
MNCLW00830	30	578	2064.0000	0.000596	0.748286	0.000760	0	810
MNCLW00831	28	534	1639.0000	0.000471	0.717913	0.000659	0	810
MNCLW00832	24	481	1048.0000	0.000370	0.684448	0.000516	0	810
MNCLW00833	28	499	1332.0000	0.000403	0.695458	0.000583	0	810
MNCLW00834	16	252	421.0000	0.000003	0.569705	0.000289	0	810
MNCLW00835	381	696	10716.0000	0.001661	0.844054	0.002736	0	810
MNCLW00836	642	652	15626.0000	0.001442	0.805608	0.003764	0	810
MNCLW00837	2	0	0.0000	0.000000	0.000000	0.000184	31	1
MNCLW00838	1	0	0.0000	0.000000	0.000000	0.000184	32	1
MNCLW00839	9	418	717.0000	0.000227	0.648515	0.000425	0	810
MNCLW00840	385	621	11289.0000	0.000681	0.780559	0.002754	0	810
MNCLW00841	4	311	345.0000	0.000212	0.595423	0.000368	0	810
MNCLW00842	118	551	5894.0000	0.000317	0.729351	0.001522	0	810
MNCLW00843	4	219	283.0000	0.000012	0.556267	0.000257	0	810
MNCLW00844	35	442	1701.0000	0.000143	0.661750	0.000585	0	810
